{"cameraMode":{"drawMode":0,"name":"Shaded","section":"Shading Mode"},"sceneLighting":true,"audioPlay":false,"sceneViewState":{"showFog":true,"showMaterialUpdate":false,"showSkybox":true,"showFlares":true,"showImageEffects":true,"showParticleSystems":true},"in2DMode":false,"pivot":{"x":227.8206787109375,"y":330.79931640625,"z":9.482342720031739},"rotation":{"x":-0.3704504370689392,"y":-0.006607037037611008,"z":0.003722646739333868,"w":-0.928821325302124},"size":15.273295402526856,"orthographic":false}